#,A,Z,Q[MeV],Egamma[MeV],Eelec[MeV],Eneutrino[MeV],tau[s]
0,50,20,4.9479,1.786980513242,1.3364010000000002,1.74438,19.404248299956556
1,51,20,6.918,2.240681,2.223312,2.4540070000000003,14.426950408889635
2,50,21,6.894699999999999,3.191990906700001,1.621771834,2.05348357,147.87624169111876
3,51,21,6.482600000000001,2.3506253212000003,1.84187872,2.2817247000000003,17.889418507023148
4,52,21,8.954,2.5666290000000007,2.8988810000000003,3.4884899999999996,11.830099335289502
5,51,22,2.4701,0.3677747899999997,0.86774364,1.2345815700000002,498.5954061312258
6,52,22,1.9653,0.11412340100000001,0.742,1.0916,147.15489417067428
7,53,22,4.97,1.5637929999999995,1.4798970000000002,1.92631,47.17612783706911
8,55,22,7.29,0.8894860000000001,2.16683,2.6214,1.8755035531556525
9,52,23,3.97648,1.4448884711999999,1.0683683254999998,1.4622412704999996,324.0004522828434
10,53,23,3.436,1.0284485999999995,1.0090356000000003,1.3985158000000002,133.56470688550024
11,54,23,7.037,3.4607289999999993,1.548905,2.0273660000000002,71.84621303627037
12,55,23,5.985,0.6891881264399999,2.392874,2.88297,9.435225567413822
13,55,24,2.6022,-0.0008780666700001216,1.100992911577,1.502085155093,302.7062734793223
14,57,24,4.961300000000001,0.4472558000000011,1.948932,2.5651122,30.44086536275713
15,56,25,3.6955,1.68365517582216,0.832427878,1.1784613007,13394.038467414774
16,57,25,2.6957000000000004,0.09635054384999996,1.0929084,1.49612496,123.20615649191747
17,58,25,6.3277,0.056883199999999995,2.8120659999999997,3.323075,4.328085122666891
18,59,25,5.1396,0.54379327,2.037520974,2.507058706000001,6.621970237680343
19,60,25,8.445,0.1938354000000011,3.847095,4.4040696,0.4039546114489098
20,61,25,7.178,0.53139581616,3.05728504,3.5796314899999997,1.0228707839902749
21,62,25,10.354,3.202711104,3.9302706999999995,0.0,0.9680483724364947
22,59,26,1.5649000000000002,1.1882685115999998,0.1174869518,0.2586840976,5545627.404694559
23,61,26,3.977699999999999,1.0829847209999994,1.229804336,1.6649109429999998,517.6389806709602
24,62,26,2.546,0.5061,0.826,1.211,98.10326278044951
25,63,26,6.216,0.27754075,2.70983406,3.2218708,8.800439749422676
26,64,26,4.823,-0.15029999999999966,2.2375,2.7358000000000002,2.8853900817779268
27,65,26,7.967,1.2449999999999997,3.0915,3.6305,1.1685829831200607
28,60,27,2.82281,2.5038430764458397,0.09640611999999998,0.22227476799999996,239983940.87908158
29,61,27,1.3239,0.039925935,0.45971448,0.7605767999999999,8564.414840733241
30,62,27,5.322,1.5998118239999999,1.6117446000000002,2.0783256000000003,133.30502177814023
31,63,27,3.661,0.10192738100000001,1.51260123,1.9616623000000002,39.5298441203576
32,64,27,7.307,0.17608161749999998,3.29427988,3.7956950000000003,0.4328085122666889
33,65,27,5.940600000000001,0.045093000000000494,2.688383,3.2071240000000003,1.6735262474311976
34,66,27,9.598,2.1623200000000002,3.4422800000000002,3.9934000000000003,0.28853900817779277
35,67,27,8.421,0.5303499999999994,3.66615,4.2245,0.6131453923778094
36,68,27,11.821,3.1554449999999994,4.028805,4.63675,0.2885390081777927
37,65,28,2.1379,0.5578158900000001,0.6278893000000001,0.95219481,13075.145155576676
38,67,28,3.577,0.044232085399999996,1.5395780700000001,1.99131484,30.296595858668233
39,69,28,5.758,2.5727381199999995,1.37262387,1.8126380100000004,16.446723466134188
40,72,28,5.5569,0.7367931399999992,2.1599063000000003,2.6602005600000003,2.2650312141956728
41,73,28,8.879,0.8368439999999993,3.7282640000000002,4.313892,1.2118638343467292
42,66,29,2.6409000000000002,0.09591440000000073,1.0666335504,1.4783520495999996,443.1959165610896
43,67,29,0.5608,0.09338780188000001,0.141211,0.2963428,321126.6037613926
44,68,29,4.440099999999999,1.0510032159,1.41962997,1.85011185,44.57927676346896
45,69,29,2.6817,0.5185219105999999,0.8891296194000001,1.27404847,246.70085199201276
46,70,29,6.588399999999999,3.494302909999999,1.3290487800000002,1.76504831,64.19992931955888
47,72,29,8.3625,2.81741469406,2.49379723,3.0086062100000004,9.565068121093827
48,73,29,6.606,0.2934939999999995,2.886958,3.4255480000000005,6.059319171733647
49,74,29,9.751,2.1301245,3.5252412,4.0956342999999995,2.35159291664901
50,75,29,8.088700000000001,1.26514047767,1.7798071169999998,2.120214616,1.7658587300480912
51,69,30,0.9098999999999999,6.0000499999999986e-06,0.32159783895,0.5874966141,4882.080018368252
52,71,30,2.8103000000000002,0.31134432000000034,1.04370223,1.4552534499999998,209.4793199370775
53,72,30,0.4428,0.14239848712,0.08053200899999999,0.19491341999999998,241507.1498448125
54,73,30,4.105899999999998,0.14539089499999802,1.742623395,2.2178857100000005,35.34602850177961
55,75,30,5.901700000000002,1.381892860000001,2.0028989900000003,2.5169081500000003,14.715489417067424
56,76,30,3.993600000000001,0.508085388234,1.5009619200000002,1.96513316,8.223361733067094
57,77,30,7.203,1.39783092,2.62464252,3.18052656,3.000805685049044
58,78,30,6.2208000000000006,1.1818994000000007,2.2508633,2.7880373,2.1207617101067764
59,80,30,7.575,1.4183509699999992,2.7974821000000003,3.35916693,0.8106503434755084
60,70,31,1.6519000000000004,0.007267567999999999,0.6420613840000001,0.99678207,1829.9143898635614
61,72,31,3.997600000000001,2.766184516840001,0.47115447646,0.7602610067000002,73231.20027552379
62,73,31,1.5982,0.340602608,0.4432899339999999,0.7466279499999999,25241.392435393303
63,74,31,5.372799999999999,2.9648829359999986,1.002728416,1.405188648,702.881023921103
64,76,31,6.916299999999999,2.258090595999999,2.0688597140000002,2.5893496899999997,44.00219874711338
65,78,31,8.158,2.461095799999999,2.5821753000000003,3.1147289000000002,7.343317758124825
66,80,31,10.312,2.5753519396800004,3.455565,4.220492999999999,2.7411205776890304
67,81,31,8.664,2.261442753997,2.63128554,3.14650872,1.7557598647618684
68,83,31,11.719,0.5753762524799999,2.01843967,2.27569616,0.4444943420978896
69,75,32,1.1772,0.03386674830000014,0.4205943496999999,0.7227389019999999,7165.577729087304
70,77,32,2.7035,1.0821180411000002,0.6392114399,0.982170519,58226.594772262215
71,78,32,0.955,0.27630399999999994,0.22713600000000003,0.45156,7617.429815893727
72,79,32,4.11,0.24459668000000034,1.6920425399999999,2.17336078,27.382351876072526
73,80,32,2.679,0.15456925999999993,1.05027294,1.4741578,42.55950370622442
74,81,32,6.242,2.279115200000001,1.7302028000000003,2.232681999999999,10.96448231075612
75,82,32,4.69,0.9547410898800004,1.3320729569999998,1.736458412,5.7707801635558535
76,77,33,0.6831999999999999,0.008135130120737999,0.2254672229,0.4491240298,201463.7062898984
77,78,33,4.209,1.24879302,1.26593048,1.6942765,7851.146412517739
78,79,33,2.281,0.03400660949999999,0.8814797500000001,1.28497699,779.9209391045737
79,80,33,5.545,0.5819225020000002,2.147697,2.7835896,21.92896462151224
80,81,33,3.8556999999999997,0.20708495799999982,1.585696096,2.062918946,48.04174486160248
81,82,33,7.488,1.6083945000000006,2.6638552,3.2157503000000003,27.555475280979206
82,84,33,10.094,2.862900979999999,3.3215684400000005,3.90953058,6.059319171733645
83,81,34,1.588,0.008142366614,0.61071533405,0.966091327,1597.0634102640824
84,83,34,3.673,2.4759046400000004,0.44641327,0.7506820899999999,1930.325964709433
85,84,34,1.835,0.3931499999999998,0.5407390000000001,0.9011110000000001,282.19114999788127
86,85,34,6.162,1.8795882399999995,1.88812956,2.3942822,47.46466684524689
87,86,34,5.129,0.6898152399999997,1.91538,2.52380476,20.63053908471218
88,88,34,6.832,1.0421243144,1.5053633,1.850344,2.207323412560114
89,83,35,0.977,0.007448381787730001,0.32769100288,0.602748196456,12329.848897453438
90,84,35,4.656,1.7594602976704001,1.23542967,1.6601391,2749.199669918008
91,85,35,2.905,0.06600834459589998,1.0577932700000001,1.487357283,251.02893711467965
92,86,35,7.633,3.331625296,1.8821914020000001,2.419183302,79.49249675298189
93,87,35,6.818,3.0229194184999995,1.6644451749999998,2.1306354065,80.32925987669749
94,88,35,8.975,3.082543802,2.4635690550000002,2.981959815,23.57363696812567
95,92,35,12.537,1.0783503600000008,5.36156741,6.09708223,0.45300624283913454
96,93,35,11.25,0.309167164,1.22097,1.3885864049999999,0.14715489417067426
97,85,36,0.687,0.0012641756637890578,0.250697353282941,0.43503847105327,488914674.3226713
98,87,36,3.888269999999999,0.7731535800999991,1.3308739882,1.7842424316999999,6604.657897189674
99,88,36,2.9177,1.9426706493,0.3653395337,0.609689817,14672.208565840758
100,89,36,5.177,1.7087947249999993,1.496207134,1.9719981410000003,272.6693627280141
101,90,36,4.406,1.1613773569999997,1.382487297,1.862135346,46.62790372153131
102,91,36,6.771,1.6062689100000003,2.3078746999999997,2.8568563899999995,12.363896500418416
103,92,36,6.003,1.4146376768,2.0002987599999997,2.51674149,2.6545588752356934
104,93,36,8.484,2.25441006,2.82905469,3.4005352500000003,1.8553058225832066
105,94,36,7.215,0.0,1.97449,2.38,0.30585134866846025
106,88,37,5.312620000000001,0.6756247193400005,2.05137634006,2.5856189406000003,1538.4611377031736
107,89,37,4.497,2.073633355,0.9994383280000001,1.4239283169999999,1326.1252815851353
108,90,37,6.585,1.969035877,2.0491858,2.566778323,227.94581646045623
109,91,37,5.907,2.25706232,1.5831501199999998,2.06678756,83.96485137973768
110,92,37,8.095,0.17652280400000198,3.6393573679999998,4.279119827999999,6.463273783182558
111,93,37,7.466,1.8120518829999996,2.521677352,3.1322707650000003,8.425339038791543
112,94,37,10.282900000000001,1.9633599238000001,2.0190925299999996,2.3922656069999997,3.898162000481979
113,95,37,9.227,2.2981801959,2.3229781700000003,2.80104212,0.5449059169437617
114,96,37,11.564,2.0530402449000005,3.9334078839999997,4.55137647,0.2928670933004596
115,97,37,10.062,0.6542438473000001,3.3377210000000006,3.8605348,0.24395973141432367
116,89,38,1.5022,-0.0013100645840001812,0.587061841024,0.9164482235600001,6302619.880053292
117,91,38,2.699,0.7071547558649999,0.6434848860000001,0.996490932,50119.22572048259
118,92,38,1.949,1.2401438500000002,0.24000015,0.468856,13560.756306339901
119,93,38,4.141,1.91134491,0.90058819,1.3290669,643.1534492282998
120,94,38,3.506,1.416620497,0.8392274430000001,1.2501520599999998,108.63493657893895
121,95,38,6.091,1.1423662149999996,2.203350604,2.7452831810000005,34.48041147724622
122,96,38,5.412,0.8629700100000002,2.0050657899999997,2.5439642,1.543683693751191
123,97,38,7.535,2.017564225,2.1531695,2.6542760000000003,0.6189161725413654
124,99,38,8.125,1.2560714451900001,3.1086641399999997,3.72072274,0.3880849659991313
125,101,38,9.73,0.9635392305900001,3.5695779999999995,4.1041419999999995,0.17023801482489762
126,90,39,2.2756,-0.004697358641220006,0.93231400218922,1.3479833564519998,332656.6225281772
127,91,39,1.5443,0.0004289020000001198,0.6029996779999999,0.94087142,7293204.303184505
128,92,39,3.643,0.25091020620000015,1.4502047777999998,1.9418850159999999,18385.70560108895
129,93,39,2.895,0.0940155974000001,1.1722885406,1.6286958619999998,52871.88785849873
130,94,39,4.918,0.7627011939999999,1.8139398480000004,2.341358958,1618.703835877417
131,95,39,4.452,1.088725602,1.43699622,1.9262781779999998,891.5855352693794
132,96,39,7.109,0.079940427426,3.1805881236999998,3.807037868,7.703991518347066
133,97,39,6.821,1.8198865458000002,2.1490098,2.6929879999999997,5.410106403333613
134,99,39,6.973,0.36758983999999995,2.97608826,3.6293219,2.1409594406792216
135,101,39,8.106,0.36838200000000043,3.5431060000000003,4.194512,0.6492127684000333
136,95,40,1.1262999999999999,0.7327432164000001,0.117004228,0.27110814600000005,7981515.261348662
137,97,40,2.666,0.8707828289999999,0.7048975049999999,1.090319666,86989.3172634573
138,99,40,4.719,0.4635733100000001,1.8390369899999999,2.4163897000000003,3.029659585866824
139,100,40,3.419,0.2271724599999998,1.3516749399999999,1.8401526000000001,10.24313479031164
140,101,40,5.731,0.5600126532999999,2.1765144,2.7343378,3.318198594044615
141,95,41,0.9256,0.7644740927479999,0.0434292512,0.11674971559999998,4361587.96398443
142,96,41,3.19206,2.446400478,0.24908719,0.496572332,121272.94513712627
143,97,41,1.942,0.6649765388684001,0.46753897790000004,0.801994124,6241.098746885656
144,98,41,4.591,0.32096781599999996,1.78025217,2.30994878,4.126107816942436
145,99,41,3.635,0.24900936569999998,1.39030494,1.8811696999999998,21.64042561333445
146,100,41,6.402,0.707869305,2.514651957,3.1188723499999997,2.0197730572445494
147,101,41,4.628,0.23212595700000002,1.8325936999999999,2.3580776,10.243134790311638
148,102,41,7.263,2.0935060859999997,2.275605,2.851218,6.203588675822543
149,108,41,11.204,0.6188340600000001,4.448664300000001,4.143156,0.2856536180960148
150,99,42,1.3578,0.1420639613451,0.38962621309999995,0.6927275684,342389.62035203056
151,101,42,2.825,1.4499944000000005,0.522306,0.8526995999999999,1264.6664728432654
152,102,42,1.012,0.01834559896,0.3499538,0.642169,978.1472377227173
153,104,42,2.155,0.07176948,0.69884273573,1.04881427,86.5617024533378
154,105,42,4.96,0.50635913,1.9169205,2.4653452000000002,52.36982998426937
155,106,42,3.648,-0.5021321799999998,1.75161158,2.3985206,12.594727706960652
156,108,42,5.174,0.282625068,2.238692,2.580523517,1.5725375945689704
157,110,42,6.499,0.39709305000000006,2.729382,3.348328,0.42703773210313317
158,100,43,3.2064000000000004,0.07584119569000025,1.31917334381,1.8113854605000002,22.57817738991228
159,101,43,1.614,0.33263476000000014,0.47356862,0.80779662,1230.9074088864636
160,102,43,4.534,-0.12449399000000039,2.7247533,1.93374069,218.43227316225133
161,103,43,2.663,0.24548951999999957,0.98128674,1.4362237400000002,78.19407121618184
162,104,43,5.597,1.9037252590000007,1.589844291,2.1034304500000003,1584.079154896082
163,105,43,3.65,0.09120523046440002,0.7353030799000001,1.170721288,661.3314067435009
164,106,43,6.547,2.1969167299999994,1.90008027,2.450003,51.35994345564711
165,107,43,5.113,0.5097184800000001,1.89405,2.4504210000000004,30.585134866846033
166,108,43,7.739,1.4898055454399999,2.2561066700000003,2.8566040000000004,7.458733361395941
167,109,43,6.456,0.25202155064,2.7801560600000004,3.4091502,1.3128524872089569
168,110,43,9.038,1.2505061607499999,3.5230619599999997,4.2127498,1.2984255368000666
169,111,43,7.761,0.40665014899999996,3.21311,3.863795,0.4183815618577994
170,113,43,9.06,0.482033,3.6298600000000003,4.32986349,0.21928964621512245
171,114,43,11.62,1.1540079200000002,0.0,5.853140000000001,0.13983044242462264
172,103,44,0.7645,0.49534041784045,0.0636443089,0.1613975037,4892093.476108055
173,105,44,1.9166999999999998,0.7533034809779998,0.418839319722,0.7445571993000001,23054.843831421993
174,107,44,3.001,0.34481079465000003,1.08511103,1.5530109,324.6063842000168
175,108,44,1.37,-0.046619999999999884,0.52238,0.89424,393.855746162687
176,109,44,4.261,1.45873165,1.1637098799999999,1.6385584700000002,49.62870940658036
177,110,44,2.756,0.030567249999999824,1.12658715,1.5988456,17.37004829230312
178,111,44,5.519,0.8579944890000001,1.7369265400000002,2.7624018,3.058513486684603
179,112,44,4.1,0.08479573199999998,1.732259,2.2744989999999996,2.5247163215556863
180,113,44,6.9,-1.2516339999999992,4.935701999999999,3.2159320000000005,0.9914520919886934
181,114,44,5.49,-0.16392199999999946,2.511096,3.1428259999999995,0.7790553220800404
182,115,44,8.124,0.813914683,3.083158,3.72161,0.4587770230026903
183,105,45,0.5666,0.06819522429999997,0.1556176032,0.3427871725,183550.6275842047
184,107,45,1.509,0.312880898,0.4316525,0.7573853999999999,1878.3889432374303
185,108,45,4.493,-0.3680529999999993,2.4797029999999998,2.38135,236.43710727254555
186,109,45,2.607,0.2799135600000002,0.9370112399999999,1.3900752,116.56975930382825
187,110,45,5.502,2.7728517790000002,0.9390614999999999,0.0,40.39546114489098
188,112,45,6.59,-1.0291123000000013,4.2553144000000005,3.3637979000000007,7.473160311804829
189,113,45,4.824,0.28597342880000004,1.6012390000000003,2.064058,4.039546114489098
190,114,45,7.78,1.832531000000001,5.945710999999999,0.001758,2.6689858256445818
191,116,45,9.1,0.2988420000000005,4.022378,4.778779999999999,0.9810326278044951
192,109,46,1.1128999999999998,0.0006852269597783999,0.36002747715799993,0.6667497849059999,70582.41218045165
193,111,46,2.2295999999999996,0.047081329770000006,0.8313573,1.27231893,2025.5438374081048
194,113,46,3.436,0.11367847300000002,1.3627523999999998,1.8624228,134.1706388026736
195,114,46,1.44,0.019069250000000038,0.52802175,0.892909,209.4793199370775
196,116,46,2.712,0.147027727,0.99524,1.4614,17.023801482489773
197,118,46,4.165,0.391104126,1.5559489999999998,2.0946599999999997,2.741120577689031
198,111,47,1.0368,0.0260961216672,0.35026909799999995,0.6581530100000001,928633.943919408
199,112,47,3.9910999999999994,0.6728687177999992,1.3954858490999997,1.9227454331000002,16256.28772073684
200,113,47,2.016,0.0685676260000001,0.7628469039999999,1.18458547,27890.18053046544
201,114,47,5.084,0.2570757399999999,2.11546079,2.7114634699999995,6.636397188089231
202,115,47,3.102,0.48267706680000005,1.076978,1.5379175,1731.2340490667561
203,116,47,6.17,1.7496285482,1.9513070799999999,0.0,331.81985940446157
204,117,47,4.236,1.100495,1.2948499999999998,1.840655,105.02819897671651
205,119,47,5.33,0.9055869999999997,1.915115,2.5092980000000003,3.029659585866824
206,120,47,8.306,0.7774889999999999,2.6519,3.2222,1.774514900293425
207,121,47,6.671,1.1990109000000002,2.4223659,3.0496232,1.1253021318933918
208,122,47,9.51,1.1234169000000003,3.8069699999999997,4.571978365,0.7631856766302617
209,115,48,1.4519000000000002,0.346274908664,0.3144719431562,0.5954541888479999,277655.3167893264
210,117,48,2.525,1.075004109396,0.43268701,0.7329510500000002,12932.31834652867
211,119,48,3.72,1.6413093395100002,0.8317526,1.2246221,232.85097959947876
212,121,48,4.761,1.6620260157900002,1.2016845,1.697807,19.476383052001008
213,123,48,6.015,1.8252773000000002,1.8266062999999997,2.3631163999999996,3.029659585866824
214,125,48,7.064,1.4675880000000001,2.4662529999999996,3.130159,0.9810326278044951
215,126,48,5.554,0.6194868582,1.8091400000000002,2.32475,0.7415452510169273
216,128,48,6.952,-0.4167200000000002,3.27392,4.0948,0.4039546114489098
217,130,48,8.789,1.7986168480000002,2.378299,2.94956,0.23371659662401204
218,115,49,0.49748899999999996,0.0,0.15320400003978002,0.28851200008160005,2.00774160886766e+22
219,116,49,3.27622,0.019588601642340005,1.36285265072,1.8899430311473002,20.342000076534383
220,117,49,1.455,0.691572084,0.2451737,0.50030052,3739.4655459841933
221,118,49,4.425,0.07782444,1.8793828500000005,1.285392765,7.213475204444817
222,119,49,2.366,0.71037428228,0.6130674,1.00494128,207.74808588801073
223,120,49,5.37,0.4584948000000004,3.2553624,1.6561427999999996,27.64203698343254
224,121,49,3.362,0.9240000000000002,0.984,1.454,33.32625544453506
225,122,49,6.37,0.6374570010999999,2.5317087000000003,3.1816441999999996,2.1640425613334453
226,123,49,4.386,1.1026926049999999,1.3588780999999999,1.8761324000000001,8.872574501467124
227,124,49,7.36,2.6547247000000005,2.0501783999999996,2.6550969000000006,4.501208527573567
228,125,49,5.481300000000001,0.737710400000001,2.0501544,2.6934352,3.4047602964979538
229,126,49,8.206,2.7547064699999995,2.4047402300000003,3.0465533000000002,2.2073234125601147
230,127,49,6.59,1.6230161036800002,2.0884960800000005,2.6958734800000004,1.5725375945689704
231,128,49,9.171,2.9713655999999995,2.7608084,3.4388259999999997,1.2118638343467294
232,129,49,7.756,1.137825550000001,2.9393039499999998,3.6788705,0.8814866699831566
233,130,49,10.225700000000002,2.6386400000000023,3.39941,4.18765,0.4183815618577994
234,123,50,1.4082000000000001,0.003351806498000154,0.525064685902,0.8797835076,16104631.618038593
235,125,50,2.3614,0.33130434499999994,0.8017103210000001,1.2283853340000002,1201614.9287762542
236,127,50,3.229,1.5770631800000003,0.62845652,1.0234803,10906.774509120563
237,129,50,4.039,1.0220907725600001,1.2454506200000002,1.75414672,193.03259647094336
238,130,50,2.153,0.89746513869,0.4095747,0.7404145000000001,322.0095331264166
239,131,50,4.717,0.0,0.0,0.0,80.79092228978196
240,132,50,3.089,1.2470007795,0.67516939,1.08586036,57.27499312329185
241,133,50,8.05,0.2569471220000006,3.51236021,4.2806926679999995,2.1063347596978863
242,134,50,7.585,0.105106806,2.8594033,3.4915770000000004,1.5148297929334118
243,135,50,9.058,0.584769112,2.9841007399999997,3.6169440799999992,0.7429879460578162
244,125,51,0.7667,0.41860921351024794,0.08662548448469999,0.20018575967799995,125589017.9718361
245,126,51,3.67,2.6753318,0.3538699,0.6407983,1539413.3164301596
246,127,51,1.582,0.67838019,0.30865559,0.5949642199999999,479898.0784013048
247,128,51,4.364,3.0551646,0.4604564,0.8483789999999999,47003.00443216243
248,129,51,2.375,1.5539168975888,0.2781841311,0.5334058279999999,22675.70357467637
249,130,51,5.067,3.2692631200000006,0.6585639999999999,1.0412020000000002,3419.1872469068435
250,131,51,3.2296,1.5310625999999998,0.6476964,1.0508410000000001,1993.5160075003694
251,133,51,4.014,2.04152627648,0.5103728700000001,0.81453899,202.55438374081047
252,134,51,8.515,0.111141451,3.7566719999999996,4.5652738,1.1253021318933916
253,135,51,8.038,0.67168569622,2.7607417,3.4104962,2.4222849736525696
254,127,52,0.703,0.0048304558368,0.2260460929846,0.47206907043800006,48561.11507632251
255,129,52,1.502,0.05754614950854001,0.52402197507,0.8983005322100002,6024.694490752311
256,131,52,2.2317,0.41597993579360004,0.6899732528,1.104276362,2164.042561333445
257,132,52,0.515,0.20501037743999997,0.0598,0.1741,399374.9203111118
258,133,52,2.92,1.1621777860000002,0.6801375540000001,1.0776846599999998,1082.0212806667225
259,134,52,1.51,0.8451254871999999,0.188598,0.408396,3618.27916254952
260,135,52,6.050399999999999,0.38439111726,2.4082511849999997,3.0724898499999997,27.411205776890306
261,136,52,5.12,1.8063319,1.3850847000000002,1.9285834,25.434713570872425
262,128,53,2.123,0.066072565579425,0.74627616672,1.16267883544,2163.176944308912
263,131,53,0.9708000000000001,0.37823935324599,0.18184950299999997,0.39641806,1000331.9633210785
264,132,53,3.575,2.2501791265,0.486309545,0.8385113285,11919.546427824616
265,133,53,1.786,0.6124945611377999,0.405047805,0.7361407000000001,108184.8157261816
266,134,53,4.082,2.425807731,0.626345979,1.02984629,4544.489378800235
267,135,53,2.634,1.5813186457124,0.336154469,0.628761723,34174.56012857777
268,136,53,6.857,0.0,1.951,2.571,120.321
269,137,53,6.027,0.003995551899999999,0.02279786,0.0,35.34602850177961
270,140,53,9.38,0.9776083000000018,3.7767456999999998,4.625646,1.2407177351645085
271,133,54,0.42739999999999995,0.00019853892991599997,0.1001639057,0.24549335360000002,654094.8484184018
272,135,54,1.169,0.246582304992,0.30471600699999996,0.5961402750000001,47470.43762541045
273,137,54,4.1624,0.1578983950999997,1.7031791278,2.3013224771000003,330.4925799668438
274,138,54,2.915,0.8770168200000001,0.79304242,1.24494076,1223.9824726901966
275,139,54,5.057,0.9217908700000006,1.76226278,2.37294635,57.246139222474056
276,140,54,4.063,1.1217644549999997,1.0884730999999999,1.5732998,19.6206525560899
277,141,54,6.28,0.9808912000000007,2.3229518,2.9761569999999997,2.495862420737906
278,137,55,1.1756300000000002,0.5630717513,0.18714476097,0.36273780496,1369452779.9260595
279,138,55,5.375,2.3642381100000005,1.2381762799999998,1.77258561,2813.255329733479
280,139,55,4.213,0.2882175083999998,1.6649768922000001,2.2598055994,802.4269817424412
281,140,55,6.218,1.6812522450000005,1.954364445,2.58238331,91.89967410462695
282,141,55,5.255,0.3738394029999994,2.098926667,2.7822339300000003,35.836544815681854
283,142,55,7.328,0.73690699,2.91612921,3.6749638,2.429498448857015
284,143,55,6.262,0.4106210031000001,2.385732,3.0471740000000005,2.5838668182321336
285,145,55,7.462,0.5599006781940001,2.7819522,3.4690216000000005,0.8468619890018215
286,146,55,9.556,0.24493299999999962,4.176036,5.135031,0.4645478031662462
287,139,56,2.3085,0.0441188264358495,0.891511963653,1.3699290091100003,7178.561984455305
288,140,56,1.044,0.17621015083209005,0.27408029999999994,0.5365319999999999,1589397.5058948149
289,141,56,3.197,0.8727140870999996,0.9222226753,1.4020632376000004,1581.482303822481
290,142,56,2.182,1.0358477283860001,0.37970304,0.69938048,917.5540460053808
291,143,56,4.234,1.08654616,1.3006652,1.84678864,20.91907809288997
292,144,56,3.083,0.46923127366500006,0.9860583999999998,1.4814954,16.59099297022308
293,145,56,5.319,2.042413898,1.27671253,1.8131415,6.218015626231432
294,146,56,4.3549,0.7056164999999996,1.5139623000000002,2.1353212,3.1883560403646087
295,147,56,6.414,0.409550436,2.6061066,3.2465279999999996,1.2897693665547332
296,148,56,5.164,0.16055224924,1.47418,1.93451,0.8829293650240456
297,140,57,3.7621999999999995,2.3075313908974198,0.5256409278199999,0.9085807288000001,209233.06920593826
298,141,57,2.501,0.026148233199999593,0.987130527,1.4877212398000002,20359.312417025052
299,142,57,4.509,2.32953849,0.8607663999999999,1.31869511,7885.771093499075
300,143,57,3.435,0.26304666269999993,1.2973137,1.8615173600000001,1229.176174837397
301,144,57,5.582,2.3148842999999992,1.3525134000000003,1.9146023,58.86195766826972
302,145,57,4.23,0.7309314093,0.7602831600000002,1.20716515,35.77883701404629
303,146,57,6.405,-0.9431279999999997,4.0975883,3.2505397,10.76706088410816
304,147,57,5.336,0.2773449238,2.18739282,2.7892156,5.857341866009191
305,148,57,7.69,1.2324967,2.8430972,3.6144061000000005,1.817795751520094
306,150,57,8.536,0.0513402,3.2944119,4.46329338,0.8511900741244884
307,141,58,0.5835,0.0702491139,0.14611600000000002,0.33644999999999997,4051586.2702223407
308,143,58,1.4617999999999998,0.24893017231164,0.4020845921,0.7390918669999998,171594.7252413496
309,144,58,0.31860000000000005,0.014806813499999998,0.0821086,0.2077741,35513704.290211886
310,145,58,2.56,0.7714769908,0.5961943799999999,0.9982498900000001,260.55072438454675
311,146,58,1.05,0.3000553026519999,0.23215723700000002,0.49065545000000005,1167.7173660955268
312,147,58,3.43,0.6059437999999999,1.1455814,1.6784748000000005,81.36800030613755
313,148,58,2.137,0.29207207920499995,0.5804375,0.961176,81.94507832249312
314,151,58,5.555,0.0,0.0,0.21972999999999998,2.539143271964576
315,143,59,0.9341,-0.00038000230003998325,0.31508000074484,0.6194000015552,1691484.9153001835
316,144,59,2.9974000000000007,0.02885759021706,1.2084826981514,1.7570377133860002,1495.786218393677
317,145,59,1.806,0.018099238400249996,0.6747770903,1.1116379014,31079.113648846407
318,146,59,4.25,0.8392932800000001,1.3952063000000001,2.01550042,2085.271412100908
319,147,59,2.703,0.7839874224999999,0.736969131,1.1629709,1163.3892809728602
320,148,59,4.873,0.9675328940000001,1.6435941260000002,2.26187298,198.22629861814363
321,149,59,3.336,0.3747970488199999,0.83757025,1.31121081,195.62944754454352
322,150,59,5.379,0.559416531706,2.02585851,2.6989387000000002,8.930282303102684
323,151,59,4.164,0.4454718492,1.4226985259999998,2.05557147,27.266936272801416
324,152,59,6.39,1.6310922999999997,2.0306906,2.7282171,5.150421295973599
325,147,60,0.8952,0.09637442977999996,0.233919654564,0.488175591,1374876.832406855
326,149,60,1.6888999999999994,0.29237152226999963,0.49986865892999993,0.8966598187999999,8964.32990606766
327,151,60,2.443,0.838176891503,0.593075578,0.9926309370000002,1076.8275785195224
328,152,60,1.105,-0.49618549999999984,0.5462383999999999,1.0549471,986.803407968051
329,153,60,3.318,0.38288824,1.19299006,1.7421217,45.58916329209124
330,154,60,2.687,0.41081210000000024,0.8616698999999999,1.4145179999999997,37.36580155902415
331,155,60,4.656,0.6924241340000001,0.8798195700000001,1.2677535999999998,12.839985863911778
332,147,61,0.22406000000000004,-0.0008703976477311415,0.0617723548779072,0.16315804276982399,119435585.8662907
333,149,61,1.0715,0.011763753299100002,0.36209286373899996,0.69052848202,275681.7099733903
334,150,61,3.454,1.315594026,0.8292407039999999,1.30916527,14012.608393146324
335,151,61,1.19,0.219231591,0.32535899999999995,0.645409409,147501.14098048763
336,152,61,3.509,0.28213987382,1.3184544900000004,1.89728254,356.6342141077518
337,153,61,1.912,0.05773986756919999,0.679777051,1.12206662,454.4489378800235
338,154,61,4.189,1.76748701845,0.0,0.0,231.9853625749453
339,155,61,3.251,0.11962260000000001,0.4786164179999999,0.731986174,59.871844196891985
340,156,61,5.194,1.6941388400000004,1.298634,1.861128,38.51995759173532
341,157,61,4.381,0.34490309667499996,1.3880904,1.9565942000000003,15.234859631787455
342,153,62,0.8074,0.03134139072521644,0.2244447620448,0.47788152031799996,240385.3101810172
343,155,62,1.6270999999999998,0.09525708803359997,0.55467521334,0.9650144504000001,1919.9385604150323
344,156,62,0.722,0.08792959,0.1641464,0.3639382,48820.80018368252
345,157,62,2.781,0.40051657536799995,0.8742766000000001,1.3524776,695.0904707003027
346,159,62,3.836,0.4147765352,1.3719979999999998,0.0,16.403442614907515
347,152,63,1.8188,1.1376189475957,0.08309667027999999,0.16143235516,615388737.5751512
348,155,63,0.252,0.022317752309972,0.046868212,0.12667568,216389928.95573673
349,156,63,2.452,1.2207911432783,0.428884504,0.7304083819999999,1893416.0547833298
350,157,63,1.365,0.2508461522784,0.376793,0.7155980000000001,78840.39859450007
351,158,63,3.4195,1.2797786208,0.825309783,1.3047419999999996,3973.182142608205
352,159,63,2.518,0.23080862349999998,0.8674436999999999,1.3708192,1566.7668144054144
353,159,64,0.9707000000000001,0.04518383647717081,0.302917495593,0.6057458523,95974.42197811375
354,161,64,1.9556,0.36253060145124805,0.5588599000000001,0.9744624,316.81583097921634
355,162,64,1.599,0.41682611,0.40087120000000004,0.7552912,727.1183006080375
356,161,65,0.5937,0.0008116416991200001,0.1556952722,0.35855027070000006,858830.5870610364
357,162,65,2.3016,1.08460783892,0.39952158179999997,0.7555121790000002,669.9875769888343
358,163,65,1.785,0.7781603200000001,0.33992082999999995,0.66691885,1687.9531978400873
359,164,65,3.8626999999999994,1.460388999999999,0.9131010000000002,1.4892100000000001,259.68510736001343
360,165,66,1.2857,0.0191562367008,0.4384867115899999,0.8143946051000001,12106.519705123828
361,166,66,0.4859,0.00464822364,0.1279761992,0.30673745,423806.0952115419
362,167,66,2.368,0.4098778199999997,0.7282816900000001,1.22984049,536.6825552106944
363,168,66,1.5,0.37363339999999995,0.36877,0.7108,753.0868113440389
364,169,66,3.2,0.31564,1.158,1.726,56.265106594669575
365,166,67,1.8537999999999997,0.018549535965851998,0.664940274928,1.13377688668,139315.8663965
366,167,67,1.01,0.3464629622,0.1880489,0.4087497,15477.2323986568
367,168,67,2.93,0.8488878569196,0.74858682,1.21831347,258.81949033548005
368,170,67,3.87,1.7051679300000002,0.6568759999999999,1.0849530000000003,238.91029877121235
369,169,68,0.3535,1.5925952800000002e-06,0.09975305871999998,0.248067632,1170702.0135961184
370,171,68,1.4924000000000004,0.34776652945,0.35879168693999997,0.6967725324,39035.86533835721
371,172,68,0.891,0.47851756495923997,0.11491703280000001,0.2766405174999999,256049.51585697324
372,173,68,2.6,0.793541952,0.6197,1.0618475,121.18638343467293
373,172,69,1.882,0.46280815776,0.49130228000000004,0.869535341,330319.45656193706
374,173,69,1.295,0.3822676068,0.29429799999999995,0.599472,42796.105692930214
375,174,69,3.08,1.74981430047,0.38960199999999995,0.74145,467.43319324802417
376,175,70,0.4701,0.07556040087035001,0.112734924,0.26918242000000003,521655.44366479496
377,177,70,1.3975,0.16799616459935002,0.42328388829999997,0.781837962,9925.164803299713
378,179,70,2.42,0.7355991399999999,0.6185499999999999,1.06585086,692.4936196267024
379,177,71,0.4968,0.029992266787300003,0.1336436932,0.31605770599999994,828204.3642394259
380,178,71,2.0975,0.11006750520000001,0.7365434268000001,1.2251098250000003,2458.352349674794
381,179,71,1.404,0.025291464799999996,0.4869016703,0.8918068648999999,23839.092855649233
382,180,71,3.1,1.4705723355199998,0.561486,0.992197,493.4017039840255
383,183,71,3.57,0.4030309999999999,1.253609,1.91336,83.67631237155987
384,181,72,1.0360999999999998,0.5121516621928001,0.121439415,0.29559320679999995,5283864.816475665
385,182,72,0.381,0.22832332,0.0329,0.07659999999999999,405190483422271.6
386,183,72,2.01,0.46581669999999975,0.5415551000000001,1.0026282,5287.188785849874
387,184,72,1.34,0.21011054999999998,0.30418,0.62725,21398.052846465107
388,182,73,1.8155,1.2492447413851786,0.12783736480000002,0.30444187800000005,14302209.224874211
389,183,73,1.0720999999999998,0.22803962763439997,0.187836382,0.42325803999999995,635709.1428173129
390,184,73,2.866,1.5458463675792,0.41485211000000005,0.796943,45185.20868064233
391,185,73,1.994,0.12141862457000001,0.6385337000000001,1.1078197,4276.148101194888
392,186,73,3.9,1.1552060000000006,1.0635929999999998,1.6812009999999997,899.3760884901797
393,185,74,0.43119999999999997,-0.0016096400000000788,0.126878544,0.305931096,9361128.750113763
394,187,74,1.3125,0.5141150867627201,0.245250620979,0.51786028027,123610.11110336639
395,188,74,0.349,0.0017743130839,0.09895910495,0.24778788499999999,8697996.859959234
396,190,74,1.21,0.079295,0.31,0.598788,2596.8510736001344
397,188,75,2.1204199999999997,0.05756373430417999,0.7641887299878,1.2821013892170001,88318.90501314057
398,189,75,1.008,0.020812275000000158,0.324277475,0.6629102499999999,126206.96217696652
399,190,75,3.125,1.3423428380999995,0.632767,1.0961585,259.68510736001343
400,191,76,0.31360000000000005,0.034299215,0.03773,0.10479999999999999,1868486.2844767685
401,193,76,1.1419000000000004,0.053769966430315994,0.35415926242,0.7032389735000001,154928.135050984
402,194,77,2.2283000000000004,0.090281120211718,0.798373730964,1.3347813642,99615.20718330114
403,195,77,1.1016,0.0070274556,0.32614877000000003,0.6608646000000001,11893.577917088614
404,196,77,3.21,0.23590872000000002,1.158603,1.802319,75.0201421262261
405,197,78,0.72,0.00770969518,0.19511662000000002,0.43933235999999987,103310.52626103413
406,199,78,1.7050999999999994,0.154634139054,0.54884395322,0.9975888658,2666.1004355628043
407,199,79,0.45230000000000004,0.081506863432,0.08232900000000001,0.2111789,391272.7449614794
408,200,79,2.263,0.2724968280232832,0.7360165652799999,1.2530887370000001,4189.58639874155
409,202,79,2.992,0.13900707199999984,1.101171688,1.7518212400000002,40.97253916124656
410,203,79,2.126,0.007177729999999999,0.7762139,1.3159112,86.5617024533378
411,203,80,0.49210000000000004,0.22771160512000002,0.0578746359,0.154910191,5809882.969944108
412,205,80,1.533,0.00478867037,0.5378193609999999,0.9894433295,444.9271506101564
413,206,80,1.308,0.09547778977,0.400353,0.78216,720.1933644117705
414,206,81,1.5322,4.062528999999999e-05,0.5383671348900001,0.9932002173,363.73227370892545
415,207,81,1.418,0.002133167960000071,0.49158559356000003,0.9242812384799999,412.89932070242133
416,208,81,4.998399999999999,3.3762095014400004,0.5594658173,1.021133765,264.2728775900403
417,209,81,3.97,2.131586174622963,0.6482426339999999,1.1480619,187.14640070411633
418,210,81,5.481,2.3002900000000004,1.21609,1.9646199999999998,112.53021318933915
419,211,82,1.366,0.06350524554656001,0.4462446162999999,0.854249552,3124.8774585654946
420,212,82,0.569,0.11478173728824,0.10155308799999999,0.25352997,55167.504207561244
421,214,82,1.018,0.22280115247470003,0.224639819,0.49418422999999995,2342.359668387321
422,210,83,1.1612,-0.00019999999999997797,0.389,0.7724,624740.0438824259
423,211,83,0.573,0.045709313999999994,0.00047720400000000006,0.001107036,185.24204325014293
424,212,83,2.2515,0.10259444192600001,0.493770988,0.8468231099999998,5241.3110835496045
425,213,83,1.422,0.12297537161299997,0.42634227277,0.8245016371800001,3946.3480148476715
426,214,83,3.269,1.4761535760295998,0.6411353577607,1.1308235135900002,1706.1311553552891
427,215,83,2.171,0.3309708149999999,0.6415682,1.144346,657.8689386453673
428,218,83,4.859,1.3880120000000002,1.340364,2.1306239999999996,47.60893634933579
429,220,85,3.764,0.4431236,1.057874,1.689664,321.14391610188324
430,221,86,1.194,0.08995423475756283,0.24051976,0.4458114539999999,2164.042561333445
431,223,86,2.007,0.31830767592227993,0.5725651062999999,1.0670077257,2103.449369616109
432,225,86,2.714,0.6687297938494944,0.7306579999999999,1.2893669845000002,403.3775334325543
433,223,87,1.1490999999999998,0.02477454687350657,0.3493085397,0.7167461324000001,1904.3574539734318
434,224,87,2.923,0.49473910499999985,0.897227415,1.53103348,288.250469169615
435,226,87,3.853,0.45145771554645625,1.1910205,1.9465840000000003,70.69205700355921
436,227,87,2.505,0.36156738080999995,0.7124328800000002,1.2631463,213.8074050597443
437,228,87,4.444,0.8006815,1.4037397999999999,2.2395787,54.82241155378061
438,229,87,3.106,0.602741815685834,0.8826763000000001,1.4867483000000001,72.42329105262598
439,231,87,3.864,0.2406006900000004,1.3933819099999998,2.2300174,25.391432719645763
440,232,87,5.576,0.21809869888332115,2.095627,3.14092,7.934822724889299
441,227,88,1.3279000000000003,0.04814766600000031,0.42362825400000004,0.85612408,3652.9038435308553
442,229,88,1.872,0.0,0.60685,1.1462,346.2468098133512
443,227,89,0.0448,3.3978995183305506e-05,0.0097989899827,0.02854899995,991214292.7044604
444,228,89,2.1238,0.8712843815500001,0.35064144902,0.70124667,31941.268205281653
445,229,89,1.104,0.008598816000000009,0.359953025,0.735448159,5427.418743824281
446,230,89,2.976,0.5323652000000001,0.9004920499999999,1.54314275,176.00879498845353
447,231,89,1.947,0.407447759101478,0.5114010999999999,0.9901089999999999,649.2127684000336
448,232,89,3.708,1.1476978658677774,0.9762594,0.0,171.68070986578664
449,233,89,2.576,0.3409000000000002,0.91625,1.3188499999999999,206.30539084712177
450,231,90,0.3915,0.0018846186225999996,0.07562588912200001,0.19765202461999995,132802.96390391086
451,233,90,1.2422,0.02083168087999987,0.40493347332000007,0.8164348458,1889.6419645563642
452,235,90,1.729,0.04697400000000007,0.586315,1.095711,623.2442576640323
453,236,90,0.921,-0.002483880000000105,0.28940388,0.6340800000000001,3246.063842000168
454,233,91,0.5703,0.18731093634981136,0.06692500374,0.1755547106,3362402.7700974536
455,234,91,2.194,1.396405015,0.243682345,0.55391264,34797.8043862418
456,236,91,2.889,0.8713171099999997,0.7233024899999999,1.2943804,787.711492325374
